,answer
0,"不下雪的时候。
6:10起床洗漱，6:40到小区早餐店买一个土豆丝卷饼（老板很熟练的给加双份蛋）一袋牛奶，7:00上通勤车吃掉早餐开始睡觉。
8:30到单位，换衣服开车上路巡查，期间处理事故或者清理路面被撞死的各种动物。
11:30回到单位填写巡查报告然后吃饭午休。
13:00上路巡查，重复上午工作，有可能会驱逐一些牛羊，或者跪求遛弯的大爷大妈还有一些拣瓶子的热心群众离开高速。
15:30回单位填写巡查报告换衣服。
16:00下班，在通勤车上翻翻知乎贴吧微信或者跟同事打几局游戏。
17:30下通勤车，回家。
如果下雪，值班N天，驾驶各种清雪设备上路进行驴拉磨一样的跑圈。"
1,"每天六点半起床洗漱，七点健身，八点出门去办公室，一天不是上课就是闷在实验室码论文，晚上十点多回家，十一点半洗漱完刷刷手机到十二点睡觉。周六早晨必去一趟超市，下午继续去办公室。
一个人生活，一个人住一居室，闷了和办公室学长学姐聊聊天，周末晚上偶尔请小伙伴来家里吃饭。美帝phd女的生活就是这么枯燥，家里学校两点一线，出国留学这么不是来浪的。。。"
2,"六点半起床，洗漱吃饭。
七点多到实验室，开始搬砖，不想搬砖的时候就在搓手机。
十二点吃饭，吃完饭，上网看看视频，然后午休，两点起床去实验室，接着搬砖，不想搬砖的时候就在搓手机。
下午五点，天气好就运动一下，不好或者犯懒就歇着，六点多吃饭。
晚饭后稍事休息，然后去实验室，接着搬砖，不想搬砖的时候就在搓手机。
搬砖或搓手机到，十点多，回宿舍睡觉。"
3,"6点半起床
6点45洗漱完毕并开始练听力
7点半开始穿外套收拾书包
7点40出宿舍楼
7点45买早餐
8点开始上课
8点05开始自习
8点45课间休息
8点55再次开始自习
9点40下课，开始休息
9点45走出教室，在走廊上神游，运气好的话还可以碰见女神。
10点上课
10点05开始自习
10点45课间休息
10点55再次开始自习
11点40下课
11点45到三楼自习室睡觉
12点20起床，开始做阅读
13点20去教室
13点30上课
13点35开始自习
15点10分下课
晚上根据心情 可能学习可能颓废
我也不想自习，只不过老师讲的要么太无聊，要么太慢。这是一个一流的社会主义大学应有的样子？"
4,"警校的孩子，一天总是开始的比其他学校早些。
五点四十，生物钟让人掀开被子坐起来，穿衣下床洗漱，喝一杯温水，预备即将开始的体能训练。
六点，宿舍楼里往外蜂拥而出各系部的人员，带到各自训练场地出早操。
六点四十，清晨体能完毕，食堂人满为患，能看到有人在寒风里捧着杯豆浆，两人成排三人成行四人成方的往宿舍楼走。
今天的早操结束的早了点儿，快点儿回去还能床上再赖十分钟。
七点十分，开始整理内务。
豆腐块被子、一尘不染的床框和柜子，大小门门框，阳台窗户，阳台地面，床梯。
七点五十五，早集合哨声吹响。
各系部列队带往教学楼，有人在队列里昏昏欲睡，纪检和督察来回巡视。
“同学，你扣子没扣好，来把名字写一下。”
美好的一天，从被纪检部记名字开始。"
5,"作为一名高三学生东北的辽宁的
唉说一说最近吧
6:00起床（其实这大冬天的我都得6:30起来）
赶紧上厕所洗脸刷牙换衣服吃饭
6:50出家（噗！不对！出门去学校）
7:10左右到学校（其实学校要求7点到校 然后我最近天天迟到…）如果不堵车会早点
7:30开始上课 55分钟一节课 上午上4节（中间有跑操）
11:50下课 吃饭
因为我选择了艺考 而且我学的挺晚10月份学的12月就统考了
所以我现在天天中午走 下午去学艺术
13:00到学艺术的地方
18:00回家
以上是现在的周一到周五
周六
正常上学
17:00放学
17:30到学艺术的地方
19:00下课回家
周日
8:15上课上艺术
12:00下课
12:30～14:00去补地理
14:00～15:30在补课班自习室
15:30～17:00上历史
18:00～20:30去上数学
然后回家吃饭
累 唉
熬一熬 还有半年了"
6,八小时+N的工作日常，周末自动加班，除去工作最喜欢的是一个人宅着，逛超市买一堆菜回去煮饭，自娱自乐，但是在别人眼中估计是无趣极了
7,"谢邀
答主坐标沈阳 警校生 闲来没课唠唠警校生活的日常

每天6点起床跑早操 跑完吃完早餐7点回寝洗漱收拾内务，7点40集合上课，时间很紧

收拾前与收拾后（一秒还原get～(￣▽￣～)~）
去上课得走队列唱军歌
早上一般都满课11点40下课之后食堂会很挤
睡不了多久 下午1点过又得集合 必须出寝室3点30 之后才能回寝
晚上7点必须离寝8点30之后才让回来
日复一日的日子很枯燥 同学之间像战友一样
爱你们"
8,"泻药。
出来学习编导了，每天六点起来上学，背一个小时文常然后吃饭，吃完饭之后上课，有时候没有老师就背文常看电影写影评，中午去拿手机给爸妈打个电话，下午重复上午，晚上五点四十吃饭，回班后背文常然后考试，接着看电影，整理影评资料，十一点回宿舍洗澡，偶尔偷着玩玩留下的手机，然后睡觉。
今天晚上吃了同学的自热小火锅，贼鸡儿辣，第一次吃感觉不怎么样。"
9,"我一个普通大二学生
早上8点上课我一般6.50起床，顺便叫室友起床洗漱，拿盆暖壶牙刷迷迷糊的去水房占领洗漱位置，看见素面朝天的同学说“hi~”心里会想这大山沟子里的水怎么这凉”“她不化妆比化妆好看多了”“我近视是不又严重了”“他是谁啊跟我打招呼，我好像不认识”“hi”我还是这么回应了。
化妆一般10分钟搞定，早是自己冲的一袋豆奶或者一罐粥，边看微博边吃，等室友收拾完7.50去上课，如果是考试课就会好好听课不玩手机，如果是考查课会玩手机玩一节课，直到听到“这个记在笔记本”我才会抬头写下一堆不知所云的专业知识。
中午吃什么？这个问题上完第二节课就在我心里琢磨了，问问室友他们吃啥我吃啥吧，没有特别想吃的。

下午没课就会在寝室呆着看看电视剧，看看书小说，下午3点跳绳做天鹅臂，吃个水果，上床继续躺着重复以上动作。

晚上6.30-8.30晚自习，拿着手机和要背的题一般玩手机比较多~~~

自习回来后卸妆，洗漱，和我妈边泡脚边视频，说一说今天的趣事，委屈啊,blablabla~
睡前记账 写明天要做的事 写手帐 每日一页 五年 人生一趟，喜欢这种有仪式感的事，上床玩手机到10.30，滴眼药水睡觉。"
10,"间接性发奋图强，持续性混吃等死。
每天的生活状态要分为两种，
一种是悠然自得，每天七点半起床，
八点半到十一点五十应该在上课，
十二点到一点午休时间，边看剧边吃饭，刷刷知乎。
下午一点到三点是休闲时间，去实验室做实验，和同学去看电影，或者躺在床上咸鱼。四点到六点是复习时间，背英语单词，看看上午的内容。
然后就是愉快的浪浪浪的时间，去吃晚饭，一般去小吃一条街吃小吃，撸串或者自己diy所谓的减肥餐，吃完晚饭要快走一个半小时的路，
做完以上活动基本就到八点到八点半的样子，回寝室，洗漱，躺床上玩手机，十一点甚至更晚睡觉。
————～～～～～————～～～～～———
另外一种是受不了自己这么悠闲，开始“作”的生活了
早上六点半起床，吃完早饭七点，晨跑到七点半
七点四十到八点半早自修，背单词。
八点半到十一点半上课。
十二点到一点，吃午饭午休。
一点到两点，午觉。
两点到六点，图书馆自修。
六点到六点半，晚饭。
六点半到九点半，图书馆自修。
九点半到十点，回寝室洗漱。
十点到十一点，会看一些实体书，专业原因，会看一些医学古籍。
十一点到十一点半，回忆一下今天干了什么，明天要干什么。
以上作息一般在考试月。。。"
11,某系统内公务员一枚，早晨八点半上班，一般七点四十起床，洗漱，八点蹬摩拜去单位，八点十五到单位吃饭，八点半上班，上午上班到十二点，然后在单位吃午饭，午休，下午两点上班，五点半下班。在单位忙的时候干活，没啥事的时候玩玩手机跟同事聊聊天，晚上值班就住单位点个外卖，不值班五点半回家在楼下随意买点吃的。晚上一般会看书，弹吉他，打游戏，十一点多听着相声入睡。这就是体制内的稳定，不知道该喜该忧。
12,"大一亲生。
6:22 起床，匆匆忙忙洗漱
7:00 早读
8:00 上课
...
11:40下课
午饭
2:00上课
...
5:40下课
晚饭
7:00 上课
8:40下课
回寝室洗漱，看书，学习，聊天，玩手机
12:15睡觉"
13,"又到月底了，明天最后一天，可是我的KPI还没达标。
回到正题，总得来说：
公司<-->家
点开：
6:20 起床洗漱
7:10 到公司
Tips
早起有好处，不堵，顺畅，心情也好；
早上的景色美啊；
可以梳理下当天的事项；
复习下英语，一月背四篇小短文；
看下热点新闻，还可以写点感受；
也可以躲在车里，直到八点前才去办公室。
8:00 上班了
Tips
先来一阵音乐。
再听女人们家长里短，介绍老公孩子婆婆公公同学朋友轶事半小时。
8:30 正式上班了
客户总部供应商，进料生产库存，整理会议报表。
17:00 下班
Tips
先堵一小时再到家。
晚饭
发呆，锻炼，看手机，英语打卡。
23:00 睡觉
Tips
不甘心的睡去了。
Tomorrow maybe another day, but almost same to me..."
14,"谢谢邀请。
早上七点四十闹钟响，醒，迷迷糊糊收蚂蚁森林能量，穿衣服，刷牙洗脸，和彬彬讲我出门啦，拿包穿鞋骑小电驴出门。
公司对面早餐摊买个手抓饼，放个蛋，甜辣酱，一个红枣豆浆。
八点四十五打卡上班，整理昨天工作的思绪，开始早上的工作，十一点半，和同事一起去食堂吃饭。
休息到十二点四十五，开始下午的工作，两点半泡杯奶茶，五点一刻把自己座位上垃圾倒了，五点四十收拾东西，五点四十五打卡下班。
六点一刻左右到家，帮阿姨盛饭，吃饭不表，吃完洗澡上床，有好看的电影会和彬彬去看电影，绣一会十字绣，玩会手机，十一点左右睡觉。每天都很平凡，每天也都很快乐。"
15,"近年刚毕业，普通上班族，在一家建筑公司当出纳，租了一间离公司很近的老房子里的单身公寓，12平米。
八点半上班，因为不喜欢吃外面的东西，所以要七点就起床给自己煮点粥或者打杯豆浆喝，一边吃早饭一边看小说，隔一天早上洗一次头。洗漱吃饭完毕后一般是八点十分，出门。
工作一般是报销、取钱、登记各种明细账、上工资还有领导交代的各种乱七八糟的活儿，有事情就做事，没事玩手机看小说或者画会画练练字。但最近在看有关英汉翻译的书。
中午十二点去公司楼上吃午饭，吃完后，夏天会睡觉，冬天太冷了不睡还是看书练字。
下午一点半上班，五点半下班。
有心情的话就买点菜回家炒一炒，没心情就吃冰箱里的速冻饺子或者泡面。吃完饭洗漱泡脚上床大概八点，有时候看电影有时候看书，大部分时间都在sai里面画了又擦擦了又画。
画出稍微好看的图就迫不及待地传到网上，然后收到赞和一个回复能开心好久，有时候甚至激动得睡不着。
十点半左右和一个很好的朋友互道晚安后，十一点睡觉。"
16,"女， 三猫家长 ，独居单身狗， 坐标深圳
8:00-9:00 起床洗漱 喂锚铲屎 化妆出门
9:00-10:00 上班路上
10:00-12:30 上班part1
12:30-14:00 午饭午睡
14:00-19:00 上班part2
19:00-20:00 下班回家
20:00-21:30 喂锚铲屎 整理家务 洗澡洗漱
21:30-0:00 空闲时间：撸猫／看剧／看书／刷知乎豆瓣微博淘宝
0:00-0:30 猫夜宵和猫刷牙时间
0:30-1:00 准备入睡 然后入睡
嗯就是几乎没有什么社交的普通的一天又一天
没有别人以为的那么好，也没有自己想象的那么糟糕"
17,"六点起床。
六点半洗漱完毕。
出门上学。
吃早餐
8点上课。
11点半放学
吃饭
写作业
一点半上学
五点半放学
吃饭
写作业到九点
运动，做到10点半
吃蛋白粉，鸡蛋
洗漱
看半小时书籍
上床刷手机
12:00睡觉
周末
9点起床
刷手机
吃中饭
睡觉
刷手机
写作业到5:00
耍手机
吃饭
健身
洗澡
睡觉(9:00)"
18,"和普通大学生一样的咸鱼生活，最近在做模型设计大赛的模型，还报名参加了省赛，还想寒假支教。
日常生活，上课睡觉吃饭玩手机。"
19,"我啊，七点半的铃，八点半九点才起，洗漱完去楼上学习一会，十点半下来做饭买菜，饭后回来上楼学习，到五点半左右下来做饭，七点半左右吃过饭看着弟弟写完作业互道晚安就回卧室玩手机十一点准时睡觉。
手机上记录的睡眠时间都是九个半小时 我咋那么能睡。
马上该考试了，还该玩玩，手机不离手，我可能考不上了吧。
－－至没有自制力的我"
20,"早上七点起床，吃饭，去学习，晚上十点半回宿舍，看视频，十二点，睡觉。



嗯。。差不多每天都这样，不过偶尔看看小蓝，勾搭勾搭附近的人，合适的话在顺便面个基。"
21,每天办公室，家两点一线，最多加个食堂。我是这么热爱工作，希望领导加工资啊
22,"6：05起床
6：40出门做早操
7：00下操去食堂吃早饭
7：30吃完回寝室玩手机看小说
7：50出门去上课
8：00—11：40上课
11：40下课吃午饭
12：20吃完午饭回寝室
12：30—13：00看小说玩手机
13：00—13：30睡午觉
13：45出门上课
14：00—15：40上课
15：40下课回宿舍
16：30吃晚饭
19：00—21：00上晚课或者自习
21：20到宿舍洗澡
22：20洗漱完吹完头发
22：40熄灯睡觉"
23,我是在美容院上班做顾问，住呢就在这一个小区，平常上下班真的很方便，每天跟顾客聊聊天，看看顾客的皮肤，再给一些建议，挺愉快的，不知不觉来了7年了，跟各种各样的顾客交流可以学到很多知识，择其善者而学之，可以少走很多弯路。
24,7点起床洗漱，到楼下吃早餐，8点上班到11点半下班，去超市买点菜，回家自己做午饭吃。然后玩玩手机，练会儿字。下午2点半上班到6点下班，在外面随便吃个晚饭。晚上7点上班到8点半下班。然后回家，洗漱完上床看会儿书，看看视频11点睡觉。
25,作为一个学生，每天就是上课，然后没课的时候有时会看书，有时逛淘宝，然后拿快递，对了，我们学校要求毕业时跑满十个马拉松，所以每天都要跑步，偷懒骑车，骑满一定距离保持一定速度就可以了，然后晚上上课或者值班，有时宿舍会开个夜谈会，有时就默默玩手机，感觉大学生还是应该多学点东西提升自己。
26,有课起床上课下午兼职没课睡到自然醒
27,早上有课就7点起来，没有课就晚一点，然后就是上课，十二点半吃饭。没课的时候去兼职，或者和舍友一起去拍照，看看周围的风景。然后时间就这样过去了
28,我是一个铁路职工吧，平时上班也挺轻松的，没事呆办公室，休息也挺多，平时找找开发票的帮领导弄点外快。。呵呵，我也没想到自己会变成这样！！！
29,"每天就上课。
几乎每天去喂学校里的猫咪，不断发现新的猫咪。一开始喂它们，它们会抓我，不过不会破皮，现在会冲我翻肚皮，见到我喵喵叫。
在宿舍会看会书，什么类型都有，最近看散文。不看书会打游戏，农药或者吃鸡。
有作业就去自习室写作业，这是我唯一出门擦口红的情况。如果在自习室不认真学习都对不起我的口红。
一般两天跟麻麻通一次电话，闲聊拌嘴。
之前有对象的时候，每天他跑来找我，晚上出去骑车玩，出去吃顿饭，但所有的事情会堆到晚上回宿舍。
分手以后悠闲很多，有大把的时间去消磨，喂喂猫，打把游戏，有喜欢的电影就一个人看场电影。
日常枸杞泡水。
买水果经常碰到帅哥美女，大胆喵两眼，感叹一句真漂亮，再无下文。
准备考研，每天会背点单词。
乏于认识新的人，喜欢独来独往。
下课了去吃饭，回来接着写。
大一大二时有各种社交，后来腻了人与人之间勾心斗角，只留着特别交心的朋友，退了所有的社团。
长相4分，可能性格比较受欢迎，大一大二时社交还可以，大二下开始慢慢地不去各种社交场合，不去迎合任何人。带来的改变就是，没有人陪我第二杯半价，没有太多人记得我生日会送礼物。但是留下了很多真正意义上的朋友，生活自由很多。

附上最爱的两只。"
30,"是个绿孩子
目前嘛，是在一高上学
反正我在知乎上也就小透明一个，就有啥说啥了呗✨ ︵
(""\(●-●)
家境的话，挺普通的吧，属于那种微微微微微微小康的家庭
特长嘛。。。
没啥拿得出手的
之前还有心思写写东西，现在连随笔都不碰了
画画也就只能画Q版小人，还是只有头的那种，一露身体就gg
学过很久钢琴，但是没有考级。。
唱歌还行，但是顶多的话也就路人KTV水平
sad
(我先去学习啦有空再更吧)"
31,"一个考研狗
早晨六点起床，六点半去餐厅买早点然后在去自习室的路上吃完早点，在图书馆外面背书到中午十点，接下来去自习室做题，十二点去吃午饭，然后休息到一点继续去自习室做题，做到下午五点吃晚饭，六点再去背书，背书到八点，做题，到十点回宿舍。洗漱完毕睡觉。
日复一日"
32,"07:20 闹钟响
07:25 第二个闹钟响
07:30 挣扎 起床 洗脸刷牙换衣服吃完饭
07:45 出门上班
08:30 工作
11:25 食堂吃饭
12:30 午睡
13:45 闹钟响起床继续工作
17:00 下班
18:30 晚饭
00:00 - 01:00 睡觉
中间穿插着各种玩手机玩手机玩手机"
33,"你们都这么勤奋那我就说说我是怎么混吃等死的吧。
现在大二，大专学的化学工程
七点四十睁眼
收拾一下七点五十出门
八点进班不错过点名
挨着暖气坐下之后开始玩手机
玩到十一点四十五下课
买饭回宿舍吃完饭十二点十分左右
和舍友打王者到一点半
一点四十出门上课
两点进班也不错过点名
挨着暖气坐下之后开始玩手机
玩到五点四十五下课
买饭回宿舍吃完饭六点多点
打王者玩手机
玩到晚上十一点左右睡觉


大概明年的这个时候去实习，毕业证下来之后回老家啃老。"
34,简单的说；跟吃大锅饭很相似，当然我不能说的那样具体，可能会触及不必要的敏感话题，每天都可以请假，不用着急去上班，虽然单位里有工作任务，但可以拖延，每月工资一分不少，每天闲的蛋疼，，，无事可做。
35,我养了一个小可爱（猫咪），每天除了吃饭，睡觉，上课，还要照顾它，每天疯的跟二哈一样，花钱还找事，这生活过的我穷啊，真穷！
36,"早上睡觉起来，打电话叫醒一个已经不喜欢的女孩子起床，我曾为了她把生物钟从七点半挪到了六点……
然后上班，在网上可能被一个妹子撩，那个妹子只见过我三年前的照片，而且这个妹子比我小太多，最重要的是，我可能不会和任何人表白了，所以结果很可能会错过，但是我这辈子错过的太多，麻木了
下了班，晚上回去想着到底是吃鸡还是看小说还是学习，然后，学习可能会被撇下
然后去我一个喜欢但是我配不上的女孩子的空间里转一圈，之后打开网易云音乐，睡觉"
37,不好意思，我不认识常生活。也没有这个意愿。
38,已删
39,本人现在是实习阶段，在工地干活，上班没规律。有时候半夜去，有时候白天去，感觉好累啊。
40,"日常生活？生活是什么鬼，我感觉每天只是为活着而活着，没有长远目标，也没有短期愿望，拿着份饿不死的工资，每天浑浑噩噩无所事事，被困在一座徒有虚名的小城市里。回想一下生活已经离我远去很久很久了，那段短暂而又快乐的时光还是在孩童时候，时间虽久却记忆犹新，那个时候虽然物质比较匮乏，但每天能好小伙伴们有着玩不完的游戏，那个时候从来不知无聊为何物，就向沈复《浮生六记》里《童趣》所述的一样，无忧无虑，怡然自得……俱往久矣，不复再来！只能慢慢思索活着的真谛。



























———来自一天单身狗的无病呻吟"
41,"上课。
拍照。
拍视频。
剪片子。
做作业。
打游戏。
追剧。
看书。
看电影。
吃饭。
熬夜。
熬夜。
熬夜。。。。
当代编导生的日常。
上课。
吃饭。
睡觉。
想男朋友。
等电话。
等微信。
等电话。
等微信。
等电话。
等微信。。。。。。
当代异地军恋的日常。"
42,"在日本首都留学 我的生活就是

7点30 起床洗澡
8点10 把今天可以扔的垃圾带下楼(扔垃圾要分类日本)
8点30 走到电车站
8点55 到语言学校
12点30 下课
1点10分 到家
1点30到第二天7点30 睡觉"
43,早上开会汇报前一天的工作和遇到的问题，在现场转发现问题解决问题改进一些工艺，回办公室做资料，给各生产工序发一些文件，做一些新品实验并学习一些有关的文献，了解一些市场变化
44,每天都挣扎在假努力的状态下，心好累
45,"刚进入大一
早上六点十分起床跑操
八点十分开始上课 发呆
没课就找间空教室睡觉
十二点下课就去吃饭 回寝 午睡 洗脸 上课
挨到下午四点寝室开门
我一般回寝室后就不再动弹了
赖在椅子上吃吃喝喝上网
九点半上床睡觉 一天结束
一觉醒来 重复前一天"
46,"我昨天才知道我明天要考试
我今天才知道我今天要交作业"
47,活着，或者假装活着
48,7点半起床上班，在单位忙起来的话饭都吃不上，下班看书看电视，现在成了单身狗周末也没办法去他那里换心情！
49,"我是墨尔本的一名高中生，早上定了六点半的闹钟，七点半起床，不吃早餐去赶公交，换乘火车，再走路到学校，时间刚刚好。开始上很难才听懂的课，中午跟朋友一起吃饭，再上一节课然后放学。去Coles逛一圈，去寿司店点一个寿司吃。坐公交回家。回到家后玩会电脑，然后吃饭，吃饭后陪homestay小女孩骑车，然后吃鸡吃一会。到八点半给女朋友打电话，九点半洗澡，十点开始做作业，十一点半睡觉，十二点睡着，第二天定的闹钟六点半结果七点半起床……
写下来才发现我的生活好像已经固定了，而且一点都不健康并且很懒。"
50,12小时学校疯狂学习，午夜12点过半入睡，和男朋友吵架
51,宅，看电影。
52,大一狗 每天六点起床跑步 七点半开始上课学习 晚上做兼职 忙公众号
53,"最近在看《请回答1988》，好笑又好哭，有一集狗焕他妈进到狗焕的房间，坐下来跟他说，你的所有事情，妈妈都想知道呢，能不能多跟我讲一讲啊。说完给了他一个极其笨拙的拥抱。
对于不善表达的人来说，这样的坦白真的不知道已经在心里辗转反复几百遍了。获得了解一个人的机会好辛苦啊，只要轻轻裂开一条细缝，我都会拼命挤进去的。人和人之间所谓的“聊不来”，其实就是一方不愿意向另一方敞开心扉吧，无法走进你的生活，又怎么可能走进你的心里呢。
反反复复的焦灼，也只是为了在拥抱的时候，你别挣脱。"
54,高二的学生 除了每天学习还有别的吗？学习学习学习
55,"一个在外省上着三本院校的大二学生
每天生活都很迷茫，无所事事
现在的我，没有高中时的激情
现在的我，没有拥有一技之长
现在的我，对未来充满了害怕
每天的生活轨迹都非常简单：
寝室-教学楼-食堂
这样的我是个失败的我
我也曾想过改变
我也曾想过好好生活、好好学习
打败自己最终还是自己
自己的信念不够坚决
以至于我的生活单调、乏味
想来不过这就是我的大学生活
希望自己下次来更新回答时会有不同答案"
56,早上七点多起床上班，下午3点下班回家带娃，一直到晚上10点多11点，下午娃吃了饭还要给娃和她爸，洗衣服，还要打扫卫生，每天都好累。有时候得收拾到12点
57,很平凡的学生生活，在努力让自己更加优秀的路上。
58,起来看漂亮的小姐姐
59,平淡无奇，枯燥乏味。
60,上课，吃饭，睡觉
61,上课练琴写作业
62,吃饭上课吃饭睡觉上课吃饭写作业打游戏背单词睡觉
63,"旁趣对话故事-牵缘线
简介：缘来缘灭，爱恨情仇，癫痴别离，世人因果，抵不过红线一牵。

天上人间，为爱痴儿偷了月老一根红绳，巧，月怜手上正有一根。
王母：难怪我儿被这下贱的丫头迷得颠三倒四！
翎轲：母后，这件事，其实怪不得月怜，只怨孩儿自己爱她甚深。
王母：你莫为她开罪！这红绳偷来定是牵于你，否则你为何对区区宫女所爱甚深！
月怜不认此罪，她被王母贬至人间，一生一世，永为奴隶。
偌大的人间皇宫，月怜眨眼已待三载，这天，当朝二十二岁右丞连卓迎娶皇上亲妹如烟公主。月怜随行在宫女的队伍中，只见一道银箭射来，直逼连卓。
众人：相爷小心！
月怜：啊！
冷箭袭来，月怜飞速的挡在连卓身前，利箭穿心，连卓惊恐。
连卓：快！来人！传大夫！
连卓的手上浸满温热的鲜血，月怜昏迷七七四十九天，醒来看见一张硬挺清俊的脸，浓眉剑目，皓齿薄唇，尽是贵人之气。月怜没想到，连卓竟是这般少见的美男。
月怜：相爷！
连卓：躺着别动！
连卓：你叫什么名字？
月怜：月怜。
连卓：你可知，你救了我一命？
月怜：是相爷福大命大，月怜只不过是个卑贱的婢女。
她别过头，不敢看他的眼。
连卓：打今天起，你就不是了。
连卓爽朗一笑，他轻巧的一句话，许她地位，给她自由。
月怜：月怜谢过相爷。
连卓：不必如此多礼。
婢女：相爷，药熬好了。
连卓：嗯，交给我吧。
连卓：月怜，来，趁热喝了吧。
婢女：相爷！
连卓：退下吧。
婢女：……诺。
连卓从未亲手伺候任何一人，连公主也无这般待遇，婢女惊呆了下巴，连卓却因为感激月怜的救命之恩，对她尤为上心。总是隔三差五的来看她，给她带来稀奇的玩意解闷，凡是能给她的，他都不吝啬。
这一日刚好从月怜那处回来。
连锦：哥，外面传言你和嫂嫂大婚那日遭遇刺客行刺，被一女侠救下，可有这事？
连卓：嗯，月怜对我有恩。
连锦：哥~我也想去瞧瞧那巾帼不让须眉的侠女！你许我去见她，好不好嘛~
连卓：改天吧，月怜可不是什么侠女，她伤得很重，需要休息。
连锦知道自己的哥哥是个说一不二的性子，这事只好作罢，不料几日后却因追捕一只美妙的蝴蝶而入了灵悉院。院里坐着一个从未见过的白衣女子，长发披散于肩，貌若天仙。
月怜：大小姐吉祥。
连锦：你怎知我是连家小姐？
月怜：这并不难猜，连府上下，虽然女流数百，但除了大小姐，还有谁人会这般纯真不拘，天性烂漫？
连锦：哦，这么看来，你就是我大哥的救命恩人了？
连锦茅塞顿开，调皮的冲月怜眨眼。
月怜：那是月怜该做的，月怜只是一介宫女，连卓却是千金之身，社稷之才，岂能这样烟消云散？
连锦自幼丧母，一见月怜却感觉如遇亲姐，半月之后，两人相处下来相谈甚欢，就真以姐妹相称。
连锦：姐姐，那个如烟公主有什么好！颐指气使，性子泼辣，我看到不如让哥哥休了他，娶姐姐做我嫂嫂！
连锦：哥哥最疼锦儿，那公主却不把我放在眼里，自己使得哥哥对她凉薄，她憋屈倒是撒在妹妹身上，重打了我的贴身丫鬟还不说，把我的波斯猫也吓跑了！
月怜：这话以后可不要在乱说，你虽叫我一声姐姐， 但我命根低微，终究是配不上相爷的。再说，相爷刚刚取了大燕国最珍贵的公主，又怎会瞧上我？
连锦：她是公主又怎么样！姐姐更是貌若天仙，温柔善良，一点也不比她差！再说，姐姐若是做了我的嫂嫂，那便是堂堂相国夫人，我看那个还敢说姐姐坏话！
月怜：……好妹妹。
月怜：你可听人说过？命里有时终须有，命里无时莫强求……
连锦：那都是胡说，我才不信！感情若能厮守，管它天长地久！反正，只要姐姐也钟情于我哥，我这就帮姐姐与哥哥去说……
月怜想要拦住连锦，却被她活蹦乱掉的跑开。她遥遥看向连锦离去的方向，那衣决飘飞的姑娘，手腕被系一根红绳，随风而舞。那是月怜亲手为她带上的。
连锦只知月怜待她亲如姐妹，却不知，这姐姐竟要亲手断送自己的姻缘。
没想到连锦果真将这番话告于连卓，三日后，连卓兴致勃勃的来到灵悉院。
连卓：谁规定娶了公主，就不能娶其他女子？
月怜：相爷！
连卓喝了些酒，嗓音低哑酝酿着醉人的酒香，他将月怜往怀中一带。
连卓：月怜……只怕，我是真的看上你了……等过一阵子，我便名正言顺的娶了你……
连卓的话说的如此令人动心，月怜的心中确如万蚁蚕食般的痛彻。她恍恍惚惚的点头，回应着连卓热情的吻，明眸中淌出涩泪。她轻轻拉起他的手，将红线的那端系于他的手腕。
他如此爱他，她竟然，也要亲手断送，他的姻缘！
啪！红线一牵，他重重将月怜推开，怒吼道。
连卓：大胆女婢！你怎么会在我的房间？
月怜：月怜不敢，这是……月怜的厢房，相爷喝醉了酒……
她的长发盖过眼底的悲伤，连卓四处相望。
连卓：这是你的厢房？对呀……我怎么会在在这？
月怜：想必夜深天黑，相爷又喝醉了酒，才走错路。相爷明日还有公务，早些回去歇息吧。
连卓低声抱怨，带着昏沉的大脑拂袖离去，再没看月怜一眼。
月怜：看到你日后会如这般凄苦，我该是得意的，可为何……月怜已止不住眼角的泪呢…..
她的眸子空洞无彩，那人离去，带走了所有的颜色。
连卓出了灵悉院，天空下起瑟瑟秋雨，他着了魔的朝一处奔跑，来到了连锦的锦玉园。
连锦：哥，你终于来了……锦儿一个人好害怕……
连卓：锦儿，不怕，有哥在这呢！
他拍打她的背脊，温声细语。
连锦：那你今晚陪着我，不要走，好吗？
连卓一言不发，将她紧紧抱住。这一夜，两个人，相拥而眠。
第二天。
连锦：小九，我哥送我的发髻呢？
小九：小姐，您这记性可越来越差了，您忘了，前些天你将那簪子送给了灵悉院的月怜姑娘，还一个劲夸她带着更好看呢！
连锦：是吗？我怎么不记得了？那是哥哥送我的东西即便我戴着再不好看，也绝不会送人的呀！
小九：您不是老说相爷买东西没眼光，今日怎么倒夸起他来了？
小九：这话要是被公子听见了，还不得乐死！
连锦：谁说我哥买东西没眼光了，只要是他买的，我样样都喜欢！以后我不准你们再说我哥的坏话！
小九：我们下人哪敢说公子的坏话，这都是小姐您的原话，小九今日想起来才说与小姐听……
连锦：住嘴！
连锦：我几时这样说过！从今以后，不要再让我听到这类话，谁要是再敢嚼我哥的舌根，休怪我用连府的家规责罚他！
小九讪讪点头，连锦却望着门口魂不守舍。
连锦：都到了下朝的时间，我哥怎么还不过来？
冬去春来，连府上下张灯结彩，年味冲天，唯独这偏僻的灵悉院还是一片萧瑟，寂如隆冬。
竹兰：月怜姐姐，相爷可有些日子没来了，今天好歹是大年三十，也不知道相爷会不会过来。
月怜：他不会来了……
竹兰：为什么呀，姐姐怎么会知道？
竹兰：姐姐不要自怨自艾，我家公相爷同那些风流的显贵公子可不一样，他对姐姐的深情，全是真的，连竹兰都看在眼里，羡慕得不行呢。
月怜坐在火边听着，情不自己的想到那日连卓低哑的嗓音，温暖的胸膛和火热的吻。却听到耳边传来刺的一响。原来是一只飞蛾一头撞进了烛火里。
月怜：你怎么这么傻，难道你不知道，这不过是一条死路？
月怜：也罢，也许你知道，但是你终究抵不过烟火的诱惑。
月怜捏起飞蛾的残骸，将它丢入烛火里看它转瞬间被烧得了无痕迹。
月怜：去吧，只要你此生不悔！
是夜，连卓陪客人喝酒，大醉而归，下人欲送他往如烟公主那里，他却经车熟路走到了锦玉园里。
连卓：锦儿……锦儿……
他突如其来的抱住自家妹妹，张口亲吻，下人惊呆了，连锦也惊呆了，可她一碰这吻就深深溺在其中，无法自拔。
第二天，谣言传遍，东窗事发，连老爷气疯，险些晕死过去，他一脚踹翻连卓，怒骂。
连老爷：你这劣根的逆子！竟然……竟然敢勾引锦儿……畜生！畜生……
连老爷好半晌才安静下来，叹道。
连老爷：连家出了这样的丑事，外面传的风风火火，只怕你这右丞相是不好做了！我连家没落三代，到了如今方才日渐兴旺，怎能让你这逆子给毁了……
于是，连老爷下令清理那些目睹真相之人，格杀勿乱！他又对外宣称连卓吻的是个婢女，跟其女有几分相似，而其女又远在姑妈家过年。
他向天下撒了个大谎，自然得在自家府中找出一个和连锦有几分相似的婢女，而这个婢女，就是月怜。
连老爷招来月怜，可他一看月怜的样子便睁大浑浊的双眼，手脚颤抖。
连老爷：啊黎？是你吗……啊黎？
月怜：老爷，月怜不是啊黎！
连老爷：像啊！真是太像了……
连老爷：你果真不是啊黎，啊黎的眉心有一颗红痣，可你没有。没错，就在眉心，你不是啊黎，啊黎走了，十八年前她就离开了我，她不会在回来了，她不会在原谅我……
连老爷自言自语，转身走向花园，步履蹒跚。
连老爷：啊黎，我当初不应该这样对你，啊黎，这些年我一直忘不掉你……你不信，我现在就带你去看，我种了一池红莲……
连老爷：可为什么，它们从来不开花？啊黎，你不回来，它们就不开花……
月怜看着连老爷踉跄的身影，余光又连卓倾颓的脸庞，他与她隔着四盏红灯，却仿佛错开两道轮回。
月怜不动声色的笑了，可她的心却莫名的揪痛。
情为何物，爱莫能助。
啊黎：月儿，娘走了，娘再也不愿做天上的神仙，只愿做地上的一个普通女子。
那是几百年前，月怜眼睁睁的看着自己母亲啊黎，因与凡人修好，被囚天牢，饱受钻心蚀骨之苦，最后香消玉损。
月怜：娘，你就认错了吧，娘，月儿害怕……
啊黎：月儿，这根红线是娘冒着性命偷来的，但终究还是没有用上。我知道，你爹爹他要夺取举世功名，才迫不得已娶了帝王之女。
啊黎：而娘虽为天上神仙，竟不能助他功成名就……所以，他从不知道，除了爱他，我还可以为他死……
月怜：娘，不要，不要丢下月儿，娘不要死！
啊黎：月儿不哭，这是命，是你娘和你爹的命！我不恨他，只怪我悟得太晚，只怪这缘来得不巧……
啊黎终于松开手中的红线，化作一朵凄美妖艳的红莲。
啊黎：只愿来生，他不做官，我不为仙……
月怜费尽全身力气，抓住那飘荡在空中的红绳，擦干眼泪，瞭望人间。
阳春三月，为平定流言肆语，连卓红娇娶了一个婢女入门。红绸飘荡如水上莲涌，连锦红了眼睛，从衣袖里摸出小刀，疯狂而决绝的冲了上去。
月怜：啊！！！
月怜身着喜服，倒在血泊中，胸口轻颤，矗立着一柄短刀。她流尽鲜血用尽力气看向连卓。那个男人背对着他，眼神淡漠，不曾望她一眼。心在一点点的抽空。月怜合上双眼，自袖里滑下一块晶莹玉佩。
连老爷：月怜，月怜……我的女儿，我的女儿呀……
连老爷：老天爷，该死的人是我呀！你惩罚我吧，你惩罚我一个人，不要让啊黎离开我，不要让月怜死……
连老爷取下连锦身上的玉佩，两个合二为一，竟是对鸳鸯配。
连老爷：月怜，她是你亲姐姐！
连老爷推了连锦一把，她的眼里，手上，身上具是一片殷红，红的刺眼又让她窒息。
连老爷：啊黎，我没娶她，我根本没娶那个公主啊！我只爱过你一个人，只有你一个人，啊黎……你相信我，啊黎，我没要功名利禄，我可以不要，可是连氏没落了三代，不能没有功名利禄……
连老爷：啊黎，难道这样也不行吗？找个人替我完成连家的使命，这样也不行吗……
他收好玉佩，步履缓慢的走向连卓，狠狠的瞪了他一眼，用尽所有的力气和毕生的悔恨，扬起手，重重扇向他。
连老爷：都是你，这个下贱的野杂种！没有你，也不会有今天这一切！
连卓被一掌扇得跌坐在地，原来他并非连老爷亲生之子，只是一颗沽名钓誉的棋子。是月，大燕国朝上风云涌变。连府被抄，连家之子，世代为民。
大婚那日后，连老爷整日守着那破败的花池，连锦离了哥哥害了相思病，连卓放下恩怨飘荡江湖。
高楼上月怜身袭白衣。
月怜：我就是要让连家——身败名裂，一无所有！
翎轲接过月怜流下的泪珠，滴滴透彻却苦涩异常。
翎轲：月儿，你泪真苦，放下吧，我带你回家。
月怜：不，我不会走的！
翎轲：难道你还要在这里？
翎轲：你还想干什么？你让我帮你下凡到大燕国，我帮你；你要到皇宫做宫女，我帮你；你要如烟公主嫁给连卓，我帮你；你要我从天上射下一支利箭，我还是帮你……
翎轲：这些，我都可以帮你做，你还要怎样？月儿，你告诉我你究竟还想怎么样？
月怜：我要你帮我，把那根红线剪断了！
月怜眼睛怔怔飘下高阁，那个守着一池春水的老叟，另一个疯疯癫癫的少女，和一个远在天涯的落魄男子，她叹然也茫然。
翎轲：剪断了又能怎样？难道剪断了，你眼前的这一切就能回到当初吗？
月怜：回不去了……
翎轲：那便是了，既然回不去，就让他们随风去罢……
翎轲：月怜！
他轻轻执起她的手。
月怜：嗯？
她低头看，手腕上不知何时被系上了红线，另一端，就系在面前这个温声笑语的男子手上，她头脑微疼，这场景似曾相识，可她却忆不起来了。
这一吻热情似火，月怜眼神迷离，淌出涩泪。
九重天天上，翎轲与月怜共结连理，脚踏祥云。
月怜：原来，月老丢失的那根红线是你偷的！却害我被贬人间！
翎轲：我哪里知道你刚好也有一根！再说了，这也是没有办法中的办法嘛，谁叫你不接受我！
月怜：我怎么没瞧出来，你可真是心机似海！
月怜：那如果我当时，把我的那根红线系到我和连卓的手上呢？
翎轲：那我……我就……
月怜：你就怎样？
月怜追问，小手狠狠拧上翎轲腰间的软肉。
翎轲：啊！
翎轲：老婆大人，您手下留情，小的不敢了！
翎轲：要知道是这样，天天被你虐待，还不如把那红线系在那小子手上呢……
月怜：你说什么？
翎轲：没什么呀！
月怜：到底是什么？
翎轲：真的没什么！
月怜：说！不说我就拧你！
翎轲：老婆不要啊，我说我说！
月怜：翎轲，你找拧是吧！
翎轲：啊！
祥云之下，众神皆笑，月老倚在老树根上，摸须白胡，左手握酒，右手抓线，那根根红绳下缠住一只肥嫩的白鹅。他撕下一口鹅肉沾酒而吞。
月老：缘来缘灭，爱恨情仇，癫痴别离，世人因果，抵不过我红线一牵也~"
64,"把自己18年的日记放在开头，每天写流水账的时候顺便提醒自己不忘初心
发现这是个不错的地方，以后长更在这里了 也顺带着自己监督自己了。来吧 流水账的记录开始。
2020.03.22
现在是六点多，放假以来第一次不用妈妈喊就爬起来了，（可能我是一种逃避的心理，想让自己忙一点就能忘掉一些事），现在抱着一本中级会计实务，嘿嘿大块头，虽然你很难搞懂知识点也那么琐碎，终有能把你拿下的那一天，加油加油
2020.03.23
以前那么不敢开车上路的我昨天竟然也开的那么顺溜，爹在后面跟我妈夸我，我妈说他拍马屁哈哈哈哈哈哈，争取下次开上高速嘿嘿
第一节视听说不听了，背会税法
十点一定要下楼锻炼 减肥！！！不能让昨天刚买的小裙子毫无用武之地
03.24
昨天不太太平，早上起来左眼懵懵的，一照镜子红的吓人
今天计划读一下《天下没有陌生人》，vb不能再混了
03.25
早上爬起来 看到猪哥凌晨三点多给我发的消息 我俩真是太巧了，同时脱单同天恢复单身
我想明白了，还是删了好，不留念想了
陆陆续续收到朋友们发来的消息，遇见你们真好

今天打算给自己放个假
03.26
被welearn搞得头大，咋就那么爱崩捏
果然是太长时间不运动，和大艺绕着公园转到九中又走到了万达！快累pia那了！两个月来的第一杯奶茶！！
昨晚上突然又想明白了几个问题，幸亏及时止损，害 当局者迷旁观者清
今日计划把课补一下，该准备四级了，听力啊啊啊啊练啊"